S/N,Gender,Age,Location,famsize,Pstatus,Medu,Fedu,traveltime,studytime,failures,schoolsup,famsup,paid,activities,nursery,higher,internet,famrel,freetime,health,absences,Score
1,F,13,U,GT3,A,4,4,2,2,0,yes,no,no,no,yes,yes,no,4,3,3,4,22
2,F,12,U,GT3,T,1,1,1,2,0,no,yes,no,no,no,yes,yes,5,3,3,2,31
3,F,10,U,LE3,T,1,1,1,2,0,yes,no,no,no,yes,yes,yes,4,3,3,6,37
4,F,10,U,GT3,T,4,2,1,3,0,no,yes,no,yes,yes,yes,yes,3,2,5,0,42
5,F,11,U,GT3,T,3,3,1,2,0,no,yes,no,no,yes,yes,no,4,3,5,0,37
6,M,11,U,LE3,T,4,3,1,2,0,no,yes,no,yes,yes,yes,yes,5,4,5,6,37
7,M,11,U,LE3,T,2,2,1,2,0,no,no,no,no,yes,yes,yes,4,4,3,0,38
8,F,12,U,GT3,A,4,4,2,2,0,yes,yes,no,no,yes,yes,no,4,1,1,2,36
9,M,10,U,LE3,A,3,2,1,2,0,no,yes,no,no,yes,yes,yes,4,2,1,0,48
10,M,10,U,GT3,T,3,4,1,2,0,no,yes,no,yes,yes,yes,yes,5,5,5,0,37
11,F,10,U,GT3,T,4,4,1,2,0,no,yes,no,no,yes,yes,yes,3,3,2,2,42
12,F,10,U,GT3,T,2,1,3,3,0,no,yes,no,yes,yes,yes,yes,5,2,4,0,35
13,M,10,U,LE3,T,4,4,1,1,0,no,yes,no,yes,yes,yes,yes,4,3,5,0,37
14,M,10,U,GT3,T,4,3,2,2,0,no,yes,no,no,yes,yes,yes,5,4,3,0,37
15,M,10,U,GT3,A,2,2,1,3,0,no,yes,no,no,yes,yes,yes,4,5,3,0,43
16,F,11,U,GT3,T,4,4,1,1,0,no,yes,no,no,yes,yes,yes,4,4,2,6,51
17,F,11,U,GT3,T,4,4,1,3,0,no,yes,no,yes,yes,yes,yes,3,2,2,10,40
18,F,11,U,GT3,T,3,3,3,2,0,yes,yes,no,yes,yes,yes,no,5,3,4,2,41
19,M,12,U,GT3,T,3,2,1,1,3,no,yes,yes,yes,yes,yes,yes,5,5,5,2,23
20,M,11,U,LE3,T,4,3,1,1,0,no,no,no,yes,yes,yes,yes,3,1,5,6,36
21,M,10,U,GT3,T,4,3,1,2,0,no,no,no,no,yes,yes,yes,4,4,1,0,39
22,M,10,U,GT3,T,4,4,1,1,0,no,yes,yes,no,yes,yes,yes,5,4,5,0,35
23,M,11,U,LE3,T,4,2,1,2,0,no,no,no,yes,yes,yes,yes,4,5,5,0,39
24,M,11,U,LE3,T,2,2,2,2,0,no,yes,no,yes,yes,yes,yes,5,4,5,2,30
25,F,10,R,GT3,T,2,4,1,3,0,yes,yes,no,yes,yes,yes,yes,4,3,5,2,31
26,F,11,U,GT3,T,2,2,1,1,0,no,yes,no,no,no,yes,yes,1,2,5,6,33
27,M,10,U,GT3,T,2,2,1,1,0,no,yes,no,no,yes,yes,yes,4,2,5,8,35
28,M,10,U,GT3,T,4,2,1,1,0,no,no,no,no,yes,yes,yes,2,2,1,0,33
29,M,11,U,LE3,A,3,4,1,2,0,yes,yes,yes,yes,yes,yes,yes,5,3,5,2,37
30,M,11,U,GT3,T,4,4,1,2,0,no,yes,yes,yes,yes,yes,yes,4,4,5,4,35
31,M,10,U,GT3,T,4,4,1,2,0,no,yes,yes,no,no,yes,yes,5,4,5,0,32
32,M,10,U,GT3,T,4,4,2,2,0,no,yes,no,yes,yes,yes,yes,4,3,5,2,45
33,M,10,R,GT3,T,4,3,1,2,0,no,yes,no,yes,yes,yes,yes,4,5,5,0,42
34,M,10,U,LE3,T,3,3,1,2,0,no,no,no,yes,no,yes,yes,5,3,2,0,37
35,M,11,U,GT3,T,3,2,1,1,0,no,yes,no,no,no,yes,yes,5,4,5,4,36
36,F,10,U,GT3,T,2,3,2,1,0,no,yes,no,yes,yes,yes,no,3,5,5,4,33
37,M,10,U,LE3,T,4,3,1,3,0,no,yes,no,yes,yes,yes,yes,5,4,4,0,42
38,M,11,R,GT3,A,4,4,2,3,0,no,yes,no,yes,yes,yes,yes,2,4,5,4,39
39,F,10,R,GT3,T,3,4,1,3,0,yes,yes,no,yes,yes,yes,yes,4,3,5,2,35
40,F,10,R,GT3,T,2,2,1,1,0,yes,yes,no,yes,yes,yes,no,4,3,2,8,39
41,F,11,U,LE3,T,2,2,2,2,0,no,yes,no,yes,no,yes,yes,3,3,3,16,32
42,M,10,U,LE3,T,4,4,1,1,0,no,yes,no,no,no,yes,yes,5,4,5,8,32
43,M,10,U,GT3,T,4,4,1,2,0,no,yes,no,yes,yes,yes,yes,4,3,5,0,44
44,M,10,U,GT3,T,2,2,1,1,0,yes,yes,no,no,yes,yes,yes,5,4,1,0,29
45,F,11,U,LE3,T,2,2,2,2,1,yes,no,no,yes,yes,yes,yes,4,3,5,14,32
46,F,10,U,LE3,A,4,3,1,2,0,yes,yes,yes,yes,yes,yes,yes,5,2,5,4,32
47,F,11,U,LE3,A,3,3,1,2,0,no,yes,no,no,yes,yes,yes,2,3,3,6,38
48,M,11,U,GT3,T,4,3,1,4,0,no,no,no,yes,yes,yes,yes,4,2,2,2,51
49,M,10,U,GT3,T,4,2,1,2,0,no,yes,no,no,yes,yes,no,4,3,5,4,36
50,F,10,U,GT3,T,4,4,1,2,0,yes,yes,no,yes,no,yes,yes,4,4,3,2,37
51,F,11,U,LE3,T,2,2,3,2,0,no,yes,no,no,yes,yes,yes,4,3,4,0,40
52,F,10,U,LE3,T,4,2,1,2,0,no,yes,no,no,yes,yes,yes,4,3,5,0,46
53,M,10,U,LE3,A,4,2,2,1,0,no,no,no,no,yes,yes,no,5,5,5,4,28
54,F,10,U,GT3,T,4,4,1,1,0,yes,yes,no,no,yes,yes,yes,3,3,5,0,37
55,F,10,U,LE3,A,3,3,1,1,0,no,no,no,no,yes,yes,yes,5,3,1,0,38
56,F,11,U,GT3,A,2,1,1,2,0,no,no,no,yes,yes,yes,yes,5,3,2,2,37
57,F,10,U,GT3,A,4,3,1,2,0,no,yes,no,yes,yes,yes,yes,4,3,1,0,44
58,M,10,U,GT3,T,4,4,1,2,0,no,yes,no,yes,yes,yes,no,3,2,5,8,46
59,M,10,U,LE3,T,1,2,1,2,0,yes,yes,no,yes,yes,yes,yes,4,3,5,0,41
60,F,11,U,GT3,T,4,2,1,2,0,no,yes,yes,no,yes,yes,yes,4,2,5,2,47
61,F,11,R,GT3,T,4,4,1,2,0,no,yes,no,yes,yes,yes,no,2,4,4,0,49
62,F,11,U,GT3,T,1,1,4,1,0,yes,yes,no,yes,no,yes,yes,5,5,5,0,36
63,F,11,U,LE3,T,1,2,1,2,0,yes,no,no,yes,yes,yes,yes,4,4,1,0,36
64,F,11,U,GT3,T,4,3,1,3,0,yes,yes,no,yes,yes,yes,yes,3,4,4,0,40
65,F,10,U,LE3,T,4,3,1,2,0,yes,no,no,yes,yes,yes,yes,4,4,2,0,37
66,F,11,U,LE3,T,4,3,3,2,0,no,yes,no,yes,yes,yes,yes,5,4,1,2,47
67,M,10,U,GT3,A,4,4,1,4,0,no,yes,no,yes,no,yes,yes,1,3,3,0,35
68,F,11,U,GT3,T,3,1,1,4,0,yes,yes,no,no,yes,yes,yes,4,3,5,0,29
69,F,10,R,LE3,T,2,2,2,2,0,yes,yes,no,no,yes,yes,yes,4,1,4,0,32
70,F,10,R,LE3,T,3,1,2,4,0,no,yes,no,no,no,yes,yes,4,4,3,6,45
71,M,11,U,GT3,T,3,1,2,4,0,no,yes,no,no,yes,yes,yes,4,3,5,2,35
72,M,10,U,GT3,T,4,2,1,4,0,no,no,no,no,yes,yes,yes,3,3,3,0,30
73,F,10,R,GT3,T,1,1,1,2,0,yes,yes,no,no,no,yes,yes,3,3,5,2,35
74,M,11,U,GT3,T,3,1,1,1,0,no,no,no,yes,yes,yes,no,5,3,5,0,40
75,F,11,U,GT3,T,3,3,1,2,0,yes,yes,no,yes,yes,yes,yes,4,3,5,4,33
76,M,10,U,GT3,T,4,3,1,2,0,no,yes,no,yes,yes,yes,yes,4,3,5,0,33
77,M,10,U,GT3,T,4,0,2,4,0,no,no,no,yes,yes,yes,yes,3,4,1,0,34
78,F,11,U,GT3,T,2,2,1,4,0,no,no,no,no,yes,yes,yes,5,2,3,1,39
79,M,12,U,GT3,T,2,1,2,1,3,yes,yes,no,yes,yes,no,yes,4,5,3,0,28
80,F,11,U,GT3,T,3,4,1,2,0,no,yes,no,no,yes,yes,yes,2,4,3,14,34
81,M,10,U,GT3,T,2,3,1,1,0,yes,yes,no,yes,no,yes,yes,3,2,3,0,34
82,M,10,U,GT3,T,2,3,1,3,0,yes,no,no,no,no,yes,yes,5,3,5,2,28
83,F,10,U,LE3,T,3,2,1,2,0,no,yes,no,no,yes,yes,yes,4,4,5,4,34
84,M,10,U,LE3,T,2,2,2,2,0,no,no,yes,yes,yes,yes,yes,5,3,4,2,38
85,F,10,U,GT3,T,1,1,1,2,0,no,yes,no,yes,no,yes,yes,4,3,4,2,37
86,F,10,U,GT3,T,4,4,2,2,0,no,no,no,no,yes,yes,yes,4,4,5,4,35
87,F,11,U,LE3,T,2,2,1,2,0,no,yes,no,no,yes,yes,no,4,3,2,6,35
88,F,10,U,GT3,T,4,2,1,3,0,no,yes,no,yes,yes,yes,yes,5,3,1,4,45
89,M,11,U,GT3,T,2,2,2,2,0,no,no,no,yes,no,yes,yes,4,4,3,6,33
90,M,11,U,LE3,A,4,4,1,2,0,no,yes,no,no,yes,yes,no,4,1,5,6,28
91,F,11,U,GT3,T,3,3,1,3,0,no,yes,no,no,yes,yes,yes,4,3,4,2,31
92,F,10,U,GT3,T,4,3,1,1,0,no,no,no,yes,yes,yes,yes,4,5,1,6,40
93,F,11,U,LE3,T,3,1,1,2,0,yes,yes,no,no,yes,yes,no,3,3,2,0,37
94,F,11,U,GT3,T,4,2,2,2,0,no,yes,no,yes,yes,yes,yes,5,3,1,2,41
95,M,10,U,LE3,T,2,2,1,4,0,no,yes,no,yes,yes,yes,yes,4,3,4,2,35
96,F,10,R,GT3,T,1,1,2,4,0,yes,yes,yes,yes,yes,yes,yes,3,1,1,4,39
97,M,11,R,GT3,T,4,3,2,1,0,yes,yes,yes,yes,no,yes,yes,3,3,4,6,31
98,F,11,U,GT3,T,2,1,1,2,0,no,yes,no,no,yes,yes,no,4,3,5,0,37
99,F,11,U,GT3,T,4,4,1,1,0,no,no,no,yes,no,yes,yes,5,3,1,4,38
100,F,11,U,GT3,T,4,3,1,3,0,yes,yes,no,no,yes,yes,yes,5,3,3,2,38
101,M,11,U,GT3,T,4,4,1,1,0,yes,yes,no,yes,yes,yes,yes,4,5,4,12,26
102,M,11,U,GT3,T,4,4,1,3,0,no,yes,no,yes,yes,yes,yes,4,4,4,0,48
103,M,10,U,GT3,T,4,4,1,1,0,no,yes,yes,yes,no,yes,yes,5,3,5,2,37
104,F,10,U,GT3,T,3,2,2,2,0,yes,yes,no,no,yes,yes,yes,4,3,2,16,31
105,M,10,U,GT3,A,3,4,1,2,0,no,yes,no,yes,yes,yes,yes,5,4,1,0,48
106,F,10,U,GT3,A,3,3,1,4,0,yes,no,no,no,yes,yes,no,4,3,4,10,30
107,F,10,U,GT3,T,2,2,1,4,0,yes,yes,no,no,yes,yes,yes,5,1,3,4,30
108,M,11,U,GT3,T,3,3,1,3,0,no,yes,no,yes,yes,yes,yes,5,3,5,4,41
109,M,10,R,GT3,T,4,4,4,4,0,no,yes,no,yes,yes,yes,yes,1,3,1,8,33
110,F,11,U,LE3,T,4,4,1,3,0,no,yes,no,yes,yes,yes,yes,5,4,4,2,44
111,M,10,U,LE3,A,4,4,1,1,0,no,no,no,yes,yes,yes,yes,5,5,4,4,41
112,F,11,R,GT3,T,3,3,1,3,0,yes,yes,no,yes,yes,yes,yes,4,1,2,4,33
113,F,11,U,GT3,T,2,2,1,2,1,yes,no,no,yes,yes,yes,yes,3,1,5,12,28
114,M,10,U,LE3,T,4,2,1,1,0,no,no,no,no,yes,yes,yes,3,5,3,10,53
115,M,10,R,GT3,T,2,1,1,2,0,no,no,no,yes,yes,yes,yes,5,4,5,4,29
116,M,11,U,GT3,T,4,4,1,2,0,no,yes,no,yes,yes,yes,yes,5,4,5,6,44
117,M,10,U,GT3,T,4,4,2,2,0,no,yes,no,yes,yes,yes,no,4,4,2,4,47
118,M,11,U,GT3,T,3,3,2,1,0,no,no,no,yes,yes,yes,yes,5,4,5,6,43
119,M,12,R,GT3,T,1,3,3,2,1,no,yes,no,yes,yes,yes,yes,5,2,5,14,34
120,M,10,U,GT3,T,3,4,1,1,0,no,no,no,no,yes,yes,yes,3,4,4,2,41
121,F,10,U,GT3,T,1,2,1,2,0,no,no,no,no,no,yes,yes,3,2,1,0,42
122,M,10,U,GT3,T,2,2,1,4,0,no,yes,no,yes,yes,yes,yes,5,5,5,6,40
123,F,11,U,LE3,T,2,4,2,2,0,no,yes,no,yes,yes,yes,yes,4,2,5,2,39
124,M,11,U,GT3,T,4,4,1,1,0,no,yes,no,yes,yes,yes,yes,3,4,5,4,38
125,F,11,U,GT3,T,2,2,1,2,0,no,no,no,no,yes,yes,yes,5,4,5,0,34
126,M,10,U,GT3,T,3,4,1,1,0,yes,no,no,no,yes,yes,yes,5,5,5,2,27
127,F,10,U,LE3,A,3,4,1,2,0,yes,no,no,yes,yes,yes,yes,5,3,1,0,32
128,F,14,U,GT3,T,0,1,1,2,2,no,yes,no,no,no,no,no,3,4,5,0,30
129,M,11,R,GT3,T,4,4,1,1,0,no,no,no,yes,yes,yes,yes,3,5,4,8,43
130,M,11,U,GT3,T,2,3,2,3,0,no,yes,no,no,no,yes,yes,3,2,1,4,38
131,F,10,R,GT3,T,3,4,2,3,0,no,yes,no,no,yes,yes,yes,4,2,5,0,33
132,F,13,U,GT3,T,2,1,1,2,3,no,yes,no,yes,yes,no,yes,5,4,5,10,27
133,F,12,U,LE3,A,2,1,3,1,0,no,yes,no,no,yes,yes,yes,3,2,5,8,32
134,F,10,U,GT3,T,1,1,3,1,0,no,yes,no,yes,no,yes,yes,4,3,4,6,36
135,F,12,U,LE3,T,2,2,1,1,0,no,yes,no,no,yes,yes,yes,3,4,5,2,37
136,F,11,U,GT3,A,3,4,1,1,0,no,no,no,no,yes,yes,yes,3,2,5,12,42
137,M,11,U,GT3,T,2,1,4,1,0,no,no,no,no,yes,yes,no,3,2,2,4,29
138,F,11,U,GT3,A,2,2,1,1,1,no,no,no,no,yes,yes,no,5,3,5,12,35
139,M,10,R,GT3,T,3,4,4,2,0,no,yes,no,no,yes,yes,no,5,3,5,2,34
140,F,10,U,GT3,T,4,4,1,3,0,no,yes,no,yes,yes,yes,yes,4,3,5,4,42
141,M,12,R,GT3,T,3,4,3,2,0,no,no,no,no,yes,yes,no,5,4,5,2,29
142,F,11,R,GT3,T,1,1,4,2,0,no,yes,no,no,yes,yes,no,5,1,3,0,40
143,M,13,U,LE3,T,3,1,2,1,0,no,no,no,yes,yes,yes,yes,3,3,4,2,34
144,F,13,U,GT3,A,3,2,1,3,0,no,yes,no,yes,no,yes,yes,4,3,5,10,34
145,F,11,R,GT3,T,1,1,2,1,0,no,yes,no,yes,yes,yes,no,3,3,1,8,34
146,F,11,U,GT3,A,3,3,2,1,0,no,yes,no,yes,no,yes,yes,4,3,5,4,28
147,M,11,U,LE3,T,1,1,1,2,2,no,no,no,no,yes,yes,no,4,4,5,0,30
148,F,10,U,GT3,T,4,4,2,1,0,no,no,no,yes,yes,yes,yes,4,3,5,6,41
149,F,10,R,GT3,T,1,1,3,1,1,no,no,no,yes,yes,yes,yes,5,5,1,2,26
150,M,10,U,GT3,T,4,3,2,4,0,yes,yes,no,no,yes,yes,yes,2,2,3,6,31
151,F,10,U,GT3,A,3,3,1,2,0,no,no,no,no,no,yes,no,1,3,1,24,26
152,M,11,U,GT3,T,4,4,1,3,0,no,yes,no,yes,yes,yes,yes,5,3,5,0,41
153,M,11,U,LE3,T,2,2,2,1,0,no,yes,no,yes,yes,yes,yes,2,3,2,4,34
154,F,10,U,GT3,T,4,4,1,3,0,no,yes,no,yes,yes,yes,yes,4,2,5,2,39
155,F,11,U,LE3,T,1,1,1,1,0,no,no,no,no,yes,yes,yes,3,4,1,4,32
156,M,12,U,GT3,T,2,1,1,1,0,no,yes,no,no,yes,yes,yes,5,4,5,22,22
157,F,10,U,GT3,T,1,1,1,2,0,no,yes,no,no,yes,yes,yes,4,4,5,0,36
158,F,10,U,LE3,A,2,1,2,1,0,no,yes,no,yes,yes,no,yes,4,4,5,0,31
159,F,10,U,GT3,T,3,2,1,2,1,no,yes,no,no,yes,yes,yes,3,3,3,2,33
160,F,10,U,GT3,T,1,2,1,2,0,no,yes,no,no,no,yes,yes,4,3,5,6,38
161,F,10,U,GT3,T,1,2,1,2,0,no,no,no,no,no,yes,no,2,3,1,6,33
162,M,11,U,GT3,T,4,4,1,1,0,no,yes,no,no,yes,no,yes,3,3,5,16,26
163,M,10,U,LE3,A,2,1,4,1,0,no,no,no,no,yes,yes,yes,4,5,5,0,34
164,M,13,U,LE3,T,1,1,1,1,2,no,no,no,no,yes,no,yes,2,3,4,0,20
165,M,11,U,LE3,T,2,1,1,1,1,no,no,no,yes,yes,yes,no,4,4,5,6,29
166,F,10,R,GT3,T,3,3,2,3,0,no,yes,yes,yes,yes,yes,yes,4,2,3,2,39
167,M,14,U,GT3,T,3,2,1,1,0,no,yes,no,no,yes,no,yes,4,5,4,6,31
168,F,12,U,GT3,T,4,4,1,1,0,yes,yes,no,no,yes,yes,no,4,2,4,0,39
169,M,10,R,GT3,T,2,3,1,2,0,yes,no,yes,yes,yes,yes,no,4,4,1,0,23
170,M,12,R,LE3,T,1,2,1,1,3,no,no,no,no,yes,yes,no,2,2,5,14,27
171,F,13,R,GT3,T,1,1,3,1,3,no,yes,no,yes,no,yes,no,5,2,4,6,32
172,M,11,R,GT3,T,2,2,3,1,0,no,no,no,no,no,yes,no,4,2,3,4,33
173,M,11,U,GT3,T,3,3,1,2,1,no,yes,no,no,yes,yes,yes,4,5,5,0,21
174,M,11,U,LE3,T,1,2,2,1,2,no,no,no,no,no,yes,yes,4,4,5,0,27
175,M,12,R,LE3,T,2,1,2,1,1,no,no,yes,yes,yes,no,yes,3,3,5,8,25
176,M,12,R,GT3,T,3,2,2,2,2,yes,yes,no,no,yes,yes,yes,4,4,3,4,21
177,M,10,U,LE3,T,1,2,2,1,0,no,no,no,yes,yes,yes,no,4,4,5,2,27
178,M,11,U,GT3,T,1,3,1,1,1,no,no,no,no,yes,no,yes,5,3,2,2,25
179,M,12,R,LE3,T,1,1,4,2,0,no,no,no,yes,yes,no,no,5,3,5,0,24
180,M,12,U,GT3,T,3,2,2,1,3,no,yes,no,yes,no,no,no,4,5,2,10,23
181,M,11,U,GT3,T,2,2,1,2,0,no,no,no,no,yes,no,yes,4,3,4,0,30
182,F,11,U,GT3,T,4,2,1,2,0,no,no,no,no,yes,yes,yes,4,2,3,0,52
183,F,11,U,GT3,T,2,2,1,2,0,no,yes,no,no,no,yes,yes,5,1,4,0,37
184,F,11,U,GT3,T,4,4,1,2,0,no,yes,no,no,yes,yes,yes,4,4,3,0,49
185,M,11,U,GT3,T,3,4,3,1,1,no,yes,no,yes,no,yes,yes,3,4,2,4,28
186,M,11,U,GT3,T,1,0,2,2,0,no,yes,no,yes,yes,yes,yes,4,3,3,0,51
187,M,12,U,LE3,T,4,4,1,2,0,no,yes,no,yes,yes,yes,yes,4,4,5,0,30
188,F,11,U,GT3,T,1,3,1,2,0,no,no,no,yes,no,yes,yes,4,3,3,0,40
189,F,11,U,LE3,T,3,3,2,2,0,no,yes,no,yes,yes,yes,yes,4,4,4,0,43
190,M,12,U,LE3,T,4,3,2,2,0,no,no,no,yes,yes,yes,yes,4,4,4,0,32
191,F,11,U,GT3,T,2,2,2,2,0,no,no,no,yes,no,yes,yes,3,4,5,0,39
192,M,12,U,GT3,T,3,3,1,2,0,no,no,no,yes,no,yes,yes,4,3,4,4,30
193,M,11,R,GT3,T,4,2,1,1,0,no,yes,no,yes,yes,yes,yes,4,3,3,8,30
194,M,12,U,GT3,T,4,3,1,2,0,no,yes,yes,yes,yes,yes,yes,5,2,2,4,35
195,M,11,U,GT3,T,4,3,1,2,0,no,yes,yes,yes,yes,yes,yes,3,4,3,4,32
196,M,11,U,GT3,T,3,3,1,2,0,no,no,no,yes,yes,yes,yes,4,2,3,0,36
197,F,12,U,GT3,T,2,4,1,2,0,no,yes,no,yes,yes,yes,no,5,4,5,0,52
198,F,12,U,LE3,T,3,3,1,2,0,no,yes,no,yes,yes,yes,yes,5,3,1,32,41
199,F,11,U,GT3,T,3,2,1,2,0,no,yes,no,no,yes,yes,yes,1,2,1,8,45
200,M,12,U,GT3,T,3,3,1,2,0,no,yes,no,yes,yes,yes,yes,4,3,4,6,38
201,M,11,U,GT3,T,1,2,1,1,0,no,yes,no,yes,yes,yes,yes,3,3,3,0,30
202,M,11,U,LE3,T,2,1,1,2,0,no,no,no,yes,yes,yes,yes,4,2,5,0,43
203,F,12,U,GT3,A,3,3,1,2,0,no,yes,no,no,no,yes,yes,3,3,3,10,39
204,M,12,R,GT3,T,1,2,1,2,0,no,no,no,no,yes,yes,no,3,1,3,6,28
205,F,11,U,GT3,T,2,3,1,2,0,no,no,no,no,yes,yes,yes,4,3,2,6,37
206,F,12,U,GT3,T,1,1,1,2,0,no,no,no,yes,yes,yes,yes,5,3,3,0,35
207,M,12,U,GT3,T,1,2,2,2,0,no,no,no,yes,no,yes,yes,4,4,5,16,33
208,M,11,R,GT3,T,3,3,1,1,0,no,yes,no,yes,yes,yes,yes,4,3,5,0,31
209,M,11,U,GT3,T,2,3,2,1,0,no,no,no,no,yes,yes,yes,5,3,3,0,37
210,F,12,U,LE3,T,2,4,1,2,0,no,no,no,yes,yes,yes,yes,4,3,5,8,45
211,M,12,U,GT3,T,4,4,1,1,0,no,no,no,no,yes,yes,yes,5,2,5,4,40
212,M,11,R,LE3,T,3,3,3,1,0,no,yes,no,yes,yes,yes,yes,3,3,3,16,33
213,F,12,U,GT3,T,4,4,2,1,1,no,yes,no,no,yes,yes,yes,4,2,2,30,45
214,F,11,U,LE3,T,4,4,1,2,0,no,yes,no,no,yes,yes,yes,4,5,3,0,32
215,F,11,U,GT3,T,4,3,1,2,0,no,yes,no,yes,yes,yes,yes,4,3,2,2,43
216,F,11,U,GT3,T,2,3,1,2,0,yes,yes,no,yes,yes,yes,no,4,4,4,4,35
217,F,12,U,GT3,T,1,1,1,2,0,no,yes,no,no,no,yes,no,4,4,1,0,44
218,F,12,R,GT3,T,2,2,1,1,0,no,yes,no,no,yes,yes,yes,5,3,3,21,39
219,F,11,R,GT3,T,2,2,2,4,0,no,yes,no,yes,no,yes,yes,5,3,5,6,39
220,F,12,U,GT3,T,3,4,1,3,1,no,yes,yes,no,yes,yes,yes,4,4,5,14,25
221,F,11,U,GT3,A,3,1,1,2,0,no,yes,no,no,yes,yes,yes,2,3,4,2,34
222,F,11,U,GT3,T,4,3,1,2,0,no,no,no,yes,yes,yes,yes,1,3,1,4,44
223,F,11,U,GT3,T,1,1,2,1,0,no,yes,no,no,yes,yes,no,4,3,5,2,38
224,F,12,R,GT3,T,4,3,2,3,0,no,yes,no,yes,yes,yes,yes,4,4,4,0,35
225,F,14,U,GT3,T,3,3,1,4,0,no,yes,no,yes,yes,yes,yes,4,3,3,4,36
226,M,12,U,LE3,T,4,4,1,2,0,no,yes,no,no,yes,yes,yes,5,3,3,15,37
227,F,11,U,GT3,A,2,2,1,2,0,yes,yes,no,no,yes,yes,yes,3,3,4,0,39
228,M,13,U,GT3,T,2,2,1,2,0,no,yes,no,yes,yes,yes,yes,4,4,5,10,34
229,F,12,R,LE3,T,4,4,1,1,0,no,yes,no,no,yes,yes,no,5,2,3,6,34
230,F,12,U,LE3,T,3,2,2,2,0,no,no,no,no,yes,yes,yes,4,4,1,2,45
231,F,12,U,GT3,T,4,3,1,2,0,no,no,no,no,yes,yes,yes,3,4,1,16,30
232,M,13,U,LE3,T,3,3,1,2,0,no,yes,no,no,yes,yes,yes,3,2,4,10,30
233,F,12,U,GT3,T,2,3,2,1,0,no,yes,no,no,yes,yes,no,3,3,3,4,38
234,F,12,U,GT3,T,2,2,1,3,0,no,yes,no,yes,yes,yes,yes,4,3,4,0,37
235,F,12,R,GT3,T,2,1,2,2,0,no,yes,no,yes,yes,yes,yes,4,2,5,0,32
236,F,12,U,GT3,T,1,1,1,3,0,no,yes,no,yes,yes,yes,no,4,3,5,12,36
237,F,11,U,GT3,T,2,3,1,2,0,yes,no,no,no,yes,yes,yes,2,3,3,0,40
238,M,13,U,GT3,T,2,2,2,2,3,no,yes,yes,no,yes,yes,yes,3,3,4,9,29
239,F,11,U,GT3,T,4,4,1,3,0,no,yes,no,yes,no,yes,yes,5,3,5,4,47
240,F,13,R,GT3,T,3,1,1,2,0,no,no,no,yes,yes,yes,yes,5,3,4,4,24
241,F,12,U,GT3,T,3,2,1,2,0,no,no,no,yes,no,yes,yes,5,3,3,2,52
242,M,12,U,LE3,T,2,3,1,2,0,no,yes,no,no,no,yes,yes,5,3,3,0,32
243,M,13,U,LE3,T,2,1,4,2,0,yes,yes,no,yes,yes,yes,yes,4,3,3,2,30
244,F,12,U,GT3,A,2,1,2,3,0,no,no,no,yes,yes,yes,yes,3,2,3,0,46
245,F,12,U,LE3,T,4,3,1,2,0,no,no,no,yes,yes,yes,yes,3,2,3,0,38
246,M,12,R,GT3,T,2,2,2,2,0,no,yes,no,yes,yes,yes,yes,4,5,1,0,38
247,M,12,U,GT3,T,4,4,1,2,0,yes,yes,no,yes,yes,yes,yes,4,5,2,0,39
248,M,11,U,GT3,T,4,4,1,2,0,no,yes,no,yes,yes,yes,yes,4,2,1,0,40
249,M,11,U,LE3,T,1,1,2,2,0,no,yes,no,no,yes,yes,yes,3,4,5,2,27
250,M,11,U,GT3,T,3,2,2,3,0,no,no,no,yes,yes,yes,yes,5,3,2,0,36
251,M,12,U,LE3,T,2,2,1,2,0,no,no,no,yes,no,yes,yes,4,4,4,0,48
252,F,11,U,GT3,T,2,1,1,1,0,no,no,no,no,yes,yes,yes,4,5,5,4,29
253,F,11,U,GT3,A,4,1,1,2,0,no,no,no,yes,yes,yes,yes,5,3,5,0,40
254,F,13,U,LE3,A,2,4,2,2,1,no,yes,no,no,yes,yes,yes,4,3,3,18,30
255,F,13,U,LE3,T,2,2,1,2,1,no,yes,no,no,no,yes,yes,5,3,5,16,27
256,F,13,U,GT3,T,3,3,2,1,1,no,no,no,no,yes,no,yes,4,1,3,14,22
257,M,13,U,GT3,T,2,2,1,1,1,no,yes,no,yes,no,no,yes,4,4,1,26,23
258,M,12,U,GT3,T,4,4,1,1,0,no,yes,no,yes,no,yes,yes,4,2,5,6,27
259,F,12,U,GT3,T,3,2,1,2,0,no,no,no,yes,yes,yes,no,5,4,3,4,43
260,F,12,U,LE3,T,1,1,1,3,0,no,yes,no,yes,yes,yes,yes,4,3,4,10,31
261,F,11,U,GT3,T,1,2,1,1,0,no,no,no,no,yes,no,yes,5,3,5,4,34
262,F,12,R,GT3,T,2,1,3,2,0,no,no,no,yes,yes,yes,no,2,1,3,2,39
263,F,12,R,LE3,A,1,4,4,1,1,no,yes,no,no,yes,yes,yes,5,5,5,14,26
264,M,13,U,GT3,T,2,2,1,2,0,no,no,no,no,yes,no,yes,5,5,2,16,23
265,F,12,U,LE3,A,2,2,1,1,1,no,yes,no,no,no,no,yes,3,1,1,8,30
266,F,12,R,LE3,T,1,1,2,3,0,no,no,no,yes,yes,yes,yes,4,3,5,4,44
267,F,12,U,LE3,A,4,2,1,2,0,no,yes,no,yes,yes,yes,no,4,3,4,4,43
268,M,12,U,LE3,T,4,3,2,2,0,no,no,no,yes,yes,yes,yes,2,5,5,8,45
269,M,12,R,LE3,A,4,4,2,2,0,no,yes,no,no,yes,yes,yes,3,3,4,0,36
270,M,11,U,LE3,T,4,3,1,1,0,no,no,no,yes,no,yes,yes,5,4,3,7,43
271,M,11,U,GT3,T,4,4,1,1,0,no,no,yes,yes,yes,yes,yes,5,3,5,4,44
272,F,12,U,GT3,T,4,4,1,2,0,no,yes,yes,no,yes,yes,yes,5,3,5,2,34
273,M,12,R,GT3,T,1,1,2,3,0,no,no,no,no,no,yes,yes,4,3,1,2,42
274,F,12,U,GT3,T,3,3,2,3,0,no,yes,no,no,yes,yes,yes,4,2,5,10,33
275,F,12,U,GT3,T,1,1,1,2,0,yes,no,no,no,no,yes,no,4,3,4,10,29
276,F,13,U,GT3,T,2,1,2,3,0,no,yes,no,no,no,yes,yes,4,4,3,10,33
277,M,11,U,GT3,T,2,1,3,1,0,no,no,no,no,yes,yes,yes,4,3,4,7,47
278,F,12,U,GT3,T,1,1,1,2,0,no,yes,no,no,yes,yes,no,4,3,5,4,32
279,M,12,U,GT3,T,2,3,2,1,0,no,no,no,no,yes,yes,yes,5,2,2,2,34
280,M,17,U,GT3,T,3,1,1,1,3,no,no,no,no,no,no,yes,5,4,1,12,20
281,M,13,R,LE3,T,3,3,1,2,0,no,yes,no,no,yes,yes,yes,4,3,5,8,29
282,M,11,U,GT3,T,0,2,1,1,0,no,no,no,no,no,yes,yes,4,3,5,0,34
283,M,13,U,GT3,T,3,2,2,1,0,no,no,no,no,yes,no,yes,4,4,5,8,22
284,M,11,U,GT3,T,3,3,3,2,1,yes,yes,no,no,no,yes,yes,5,3,2,4,30
285,M,13,U,GT3,T,2,1,1,1,2,no,no,no,no,no,no,yes,3,2,5,4,21
286,M,11,R,GT3,T,2,1,2,1,0,no,no,no,yes,no,yes,no,3,3,3,2,39
287,M,12,R,GT3,T,2,1,1,1,0,no,no,no,no,no,yes,yes,4,4,5,0,37
288,M,12,U,LE3,T,1,1,2,1,1,no,yes,no,yes,yes,yes,yes,4,4,5,0,29
289,F,13,U,LE3,A,2,1,1,2,0,no,yes,no,no,no,yes,yes,4,3,5,2,37
290,F,12,U,LE3,T,4,2,1,4,0,no,yes,no,yes,yes,yes,yes,4,2,4,2,46
291,F,14,U,GT3,T,2,2,1,2,0,no,yes,no,no,yes,yes,yes,4,3,5,0,31
292,M,13,U,LE3,T,2,1,3,2,1,no,no,no,yes,no,no,yes,4,4,5,4,32
293,F,12,R,GT3,T,4,2,1,3,0,no,yes,no,yes,yes,yes,yes,4,3,5,2,37
294,F,13,U,LE3,T,1,1,1,3,0,no,yes,no,no,no,yes,no,4,4,3,4,37
295,F,13,R,GT3,T,2,2,1,2,0,yes,no,no,no,yes,yes,no,3,2,5,4,35
296,M,14,U,LE3,A,4,3,1,2,0,no,yes,no,no,yes,yes,yes,4,3,1,4,38
297,M,13,U,GT3,T,2,1,1,2,0,no,no,no,yes,yes,yes,yes,5,2,4,2,48
298,M,12,R,GT3,T,2,2,2,1,0,no,no,no,no,no,no,no,5,2,4,0,29
299,F,12,U,LE3,T,2,2,1,4,0,no,no,no,yes,yes,yes,yes,3,4,2,2,33
300,F,15,R,GT3,T,2,1,2,2,0,no,yes,yes,yes,yes,no,yes,1,2,2,8,34
301,F,13,U,GT3,T,4,3,1,2,0,no,yes,no,no,yes,yes,yes,3,1,2,2,45
302,M,13,U,GT3,T,4,3,1,2,0,no,yes,no,no,no,yes,yes,4,3,3,2,31
303,M,13,R,GT3,T,3,2,1,3,0,no,no,no,yes,no,yes,no,5,3,3,2,33
304,F,12,U,GT3,T,3,3,1,3,0,no,no,no,yes,no,yes,no,3,2,4,2,40
305,F,13,U,GT3,T,2,2,1,3,0,no,yes,no,yes,yes,yes,yes,4,3,3,0,36
306,M,12,U,GT3,T,2,2,2,1,0,no,no,no,no,yes,no,yes,4,4,4,8,25
307,M,13,R,LE3,A,3,4,2,2,0,no,yes,no,yes,yes,yes,yes,4,2,1,6,47
308,M,12,U,GT3,T,3,1,1,2,0,no,no,no,yes,yes,yes,yes,5,4,5,0,36
309,F,13,R,GT3,T,4,4,2,2,0,no,no,no,yes,yes,yes,yes,4,3,4,8,33
310,M,13,U,GT3,T,4,2,1,2,0,no,yes,no,yes,yes,yes,yes,5,4,5,4,36
311,F,13,R,GT3,T,2,1,2,2,0,no,yes,no,no,yes,no,yes,4,3,3,12,27
312,F,14,U,GT3,T,3,3,1,2,0,no,yes,no,yes,yes,yes,yes,4,3,5,16,35
313,F,13,U,GT3,T,2,3,1,4,0,no,yes,no,yes,yes,yes,yes,4,5,2,10,48
314,F,13,U,LE3,T,1,1,2,2,0,no,yes,no,no,no,yes,no,4,4,3,2,39
315,M,12,R,GT3,T,1,2,1,2,0,no,yes,no,yes,no,yes,no,3,5,1,2,51
316,F,13,U,GT3,T,2,1,1,2,0,no,yes,no,no,yes,yes,yes,4,2,1,8,43
317,F,12,U,GT3,T,2,4,2,2,0,no,yes,no,no,yes,yes,yes,4,3,1,6,47
318,F,12,U,LE3,T,2,2,2,2,0,yes,yes,no,no,yes,yes,yes,4,4,5,6,36
319,F,13,R,GT3,A,3,2,2,2,0,no,no,no,no,no,no,yes,4,1,5,15,31
320,M,13,U,GT3,T,4,4,2,1,0,no,no,no,yes,yes,yes,yes,3,2,3,6,35
321,F,13,U,GT3,T,4,4,1,2,1,yes,yes,no,yes,yes,yes,yes,2,4,4,2,39
322,F,12,U,GT3,T,2,2,3,3,0,no,yes,no,no,yes,yes,yes,4,2,1,8,43
323,F,14,R,GT3,T,3,2,1,2,1,yes,yes,no,no,yes,no,yes,3,3,3,0,27
324,M,13,U,LE3,T,4,3,2,1,0,no,no,no,yes,yes,yes,yes,4,2,1,0,30
325,M,13,U,GT3,T,1,2,2,1,0,no,no,no,no,no,no,yes,3,4,4,10,31
327,12,U,LE3,A,3,2,1,1,0,no,no,no,no,yes,yes,yes,4,4,3,18,,
328,13,R,LE3,T,1,1,2,4,0,no,yes,no,yes,yes,yes,no,5,2,3,2,,
329,13,U,GT3,T,1,1,2,2,0,yes,no,no,yes,yes,yes,yes,5,4,4,0,,
330,12,U,GT3,T,2,2,1,2,0,no,yes,no,no,no,yes,yes,5,4,5,12,,
331,13,U,GT3,T,2,1,2,2,0,no,no,no,yes,yes,yes,yes,4,3,5,10,,
332,12,U,GT3,T,1,1,1,2,0,no,no,no,no,no,yes,yes,4,3,4,0,,
333,13,U,GT3,T,2,2,1,3,0,no,yes,no,no,yes,yes,yes,4,3,2,0,,
334,12,U,GT3,T,1,1,1,3,0,no,yes,no,no,yes,yes,yes,4,3,3,0,,
335,13,U,GT3,T,2,1,1,3,0,no,no,no,yes,yes,yes,yes,4,2,2,0,,
336,13,U,LE3,A,4,4,1,2,0,no,yes,no,yes,yes,yes,yes,5,4,2,0,,
337,13,U,GT3,T,4,2,1,2,0,no,yes,no,yes,yes,yes,yes,4,3,5,2,,
338,12,U,GT3,T,4,3,1,3,0,no,yes,no,no,yes,yes,yes,4,2,3,0,,
339,12,R,LE3,T,3,1,2,4,0,no,yes,no,no,yes,yes,no,3,1,3,0,,
340,13,R,LE3,T,3,2,2,3,0,no,yes,no,yes,yes,yes,yes,5,4,4,0,,
341,12,U,GT3,T,3,3,1,1,0,no,yes,no,no,yes,yes,yes,4,4,5,0,,
342,14,U,GT3,T,4,4,2,2,0,no,yes,no,yes,yes,yes,yes,2,3,2,2,,
343,13,U,LE3,T,4,3,2,2,0,no,yes,no,no,yes,yes,yes,4,4,2,0,,
344,13,U,GT3,T,4,3,1,4,0,no,yes,no,no,yes,yes,yes,4,3,3,0,,
345,13,U,LE3,T,4,4,1,1,0,no,yes,no,no,yes,yes,yes,1,4,1,0,,
346,13,U,LE3,A,4,4,1,2,0,no,yes,yes,no,yes,yes,yes,4,2,4,0,,
347,12,U,LE3,T,4,4,2,1,0,no,no,no,no,yes,yes,yes,4,1,5,0,,
348,12,R,GT3,T,4,4,2,3,0,no,yes,no,yes,yes,yes,yes,5,3,5,0,,
349,12,U,GT3,T,4,2,2,3,0,no,yes,no,no,yes,yes,yes,4,3,3,0,,
350,12,U,GT3,T,3,2,1,4,0,no,yes,no,yes,no,yes,yes,5,2,5,0,,
351,14,R,LE3,T,2,1,2,3,1,no,no,no,yes,yes,yes,yes,4,3,5,0,,
352,15,U,GT3,A,3,2,1,1,2,no,no,no,yes,yes,yes,no,5,5,5,0,,
353,14,R,GT3,T,3,3,1,2,0,no,no,no,yes,yes,yes,no,4,5,5,0,,
354,13,U,GT3,T,1,4,1,2,0,yes,yes,no,no,no,yes,no,3,4,5,2,,
355,13,U,GT3,T,2,1,2,2,0,no,yes,no,yes,yes,yes,yes,5,3,1,2,,
356,12,U,GT3,T,2,3,2,2,0,no,no,no,yes,yes,yes,yes,4,2,3,2,,
357,12,R,GT3,T,4,4,1,1,0,no,no,no,yes,yes,yes,yes,4,4,5,2,,
358,13,U,GT3,T,4,3,1,3,0,no,yes,no,yes,yes,yes,yes,4,3,5,2,,
359,13,U,LE3,T,4,3,2,1,0,no,yes,no,no,yes,yes,yes,3,2,1,8,,
360,12,R,GT3,T,3,4,1,3,0,no,yes,no,yes,no,yes,yes,4,3,5,2,,
361,13,U,GT3,T,3,3,1,2,0,no,yes,no,no,yes,yes,yes,4,1,3,8,,
362,14,U,GT3,T,4,2,2,2,0,no,yes,no,yes,yes,yes,yes,5,4,1,9,,
363,13,U,GT3,T,4,4,1,2,0,no,yes,no,no,yes,yes,yes,4,4,5,0,,
364,13,U,GT3,T,3,4,1,1,0,no,yes,no,yes,yes,yes,yes,5,4,1,4,,
365,12,U,GT3,T,4,4,1,1,0,no,no,no,yes,yes,yes,yes,5,3,5,2,,
366,12,U,GT3,A,4,3,1,2,0,no,yes,no,no,yes,yes,yes,5,2,5,14,,
367,12,U,LE3,A,3,3,1,2,0,yes,yes,no,no,yes,yes,yes,5,3,5,0,,
368,12,U,LE3,T,2,1,1,2,0,no,no,no,yes,yes,yes,yes,4,2,2,2,,
369,13,U,LE3,T,4,4,1,1,0,no,yes,no,no,yes,yes,yes,4,2,5,2,,
370,14,U,GT3,T,1,1,3,3,0,no,no,no,yes,yes,no,no,1,5,5,12,,
371,14,U,LE3,A,1,1,3,2,2,no,yes,no,no,no,yes,yes,5,3,4,2,,
372,13,U,GT3,T,2,2,1,1,0,no,yes,no,yes,yes,yes,yes,4,3,5,2,,
373,12,U,GT3,T,2,2,1,2,0,no,yes,no,no,yes,yes,no,4,2,3,4,,
374,12,R,LE3,T,2,2,1,3,0,no,yes,no,yes,yes,yes,yes,3,3,3,0,,
375,12,U,GT3,T,3,1,1,3,0,no,yes,no,no,no,yes,yes,3,4,5,0,,
376,12,U,LE3,T,0,2,2,3,0,no,no,no,no,yes,yes,yes,3,3,2,0,,
377,13,U,GT3,T,1,1,2,3,0,no,no,no,yes,yes,yes,yes,4,5,2,0,,
378,13,U,GT3,T,4,4,1,3,0,no,no,no,yes,yes,yes,yes,4,3,3,0,,
379,12,U,GT3,T,3,3,1,1,0,no,no,no,yes,no,yes,yes,4,3,5,0,,
380,12,R,GT3,T,2,2,4,1,0,no,yes,no,no,yes,yes,yes,4,4,4,2,,
381,12,U,GT3,T,4,4,1,3,0,no,yes,no,yes,yes,yes,yes,5,4,4,0,,
382,12,U,GT3,T,4,4,2,3,0,no,yes,no,no,no,yes,yes,4,3,4,4,,
383,12,U,GT3,T,3,3,1,1,0,no,yes,yes,yes,yes,yes,yes,4,2,5,2,,
384,13,U,LE3,T,2,2,1,4,0,no,yes,yes,yes,yes,yes,yes,4,5,5,0,,
385,14,R,GT3,T,3,2,1,1,0,no,yes,no,no,no,yes,no,5,3,5,0,,
386,13,U,GT3,T,2,2,4,2,0,no,no,no,yes,yes,yes,no,4,2,2,2,,
387,12,R,GT3,T,2,4,1,3,0,no,yes,no,no,yes,yes,yes,4,4,5,0,,
388,13,U,GT3,T,2,2,1,1,0,no,no,no,no,no,yes,yes,5,4,5,6,,
389,13,U,GT3,T,3,3,1,2,0,no,no,no,yes,yes,yes,yes,5,3,4,8,,
390,13,U,LE3,T,2,2,1,2,0,no,no,no,yes,no,yes,yes,4,3,2,0,,
391,13,R,GT3,T,2,2,2,4,0,no,no,no,yes,yes,yes,no,4,4,4,6,,
392,12,U,GT3,T,3,4,1,3,0,no,no,no,no,yes,yes,yes,4,4,5,8,,
393,12,U,GT3,T,3,2,1,2,0,no,yes,no,no,yes,yes,yes,4,3,2,0,,
394,13,U,LE3,T,3,3,1,4,0,no,yes,no,no,yes,yes,yes,5,3,1,4,,
395,12,R,GT3,A,3,2,1,2,0,no,yes,no,no,yes,yes,yes,4,3,2,0,,
396,13,U,GT3,T,4,4,1,2,0,no,yes,no,yes,yes,yes,yes,4,3,2,0,,
397,13,U,LE3,T,3,4,1,2,0,no,no,no,yes,yes,yes,yes,4,3,5,6,,
398,12,U,GT3,A,2,2,1,2,0,no,yes,no,no,yes,yes,yes,3,3,4,18,,
399,13,U,GT3,T,2,3,1,3,0,no,yes,no,no,yes,yes,yes,4,3,3,0,,
400,13,U,GT3,T,3,2,1,3,0,no,no,no,no,yes,yes,yes,5,4,1,4,,
401,13,R,GT3,T,4,3,1,3,0,no,no,no,no,yes,yes,yes,5,3,4,4,,
402,13,U,GT3,T,4,3,1,3,0,no,yes,no,no,yes,yes,yes,5,4,5,0,,
403,12,U,GT3,T,4,3,1,3,0,no,yes,no,yes,yes,yes,yes,4,4,4,0,,
404,12,U,GT3,T,2,1,2,2,0,no,yes,no,yes,yes,yes,yes,4,3,1,10,,
405,12,U,GT3,T,2,1,1,2,0,no,yes,no,yes,yes,yes,yes,4,3,4,4,,
406,14,U,LE3,A,2,3,2,1,1,no,no,no,no,yes,no,yes,2,2,5,16,,
407,12,U,GT3,T,3,1,1,1,1,no,yes,yes,no,yes,yes,yes,4,1,3,6,,
408,16,U,LE3,T,4,4,1,3,2,no,no,yes,yes,yes,yes,yes,3,3,5,0,,
409,13,U,LE3,T,2,2,1,2,0,no,yes,no,yes,no,no,yes,4,4,3,11,,
410,13,U,LE3,A,3,4,1,2,0,no,no,no,yes,yes,yes,yes,4,3,2,9,,
411,12,U,GT3,T,2,2,1,2,0,no,yes,no,yes,yes,yes,yes,4,3,4,0,,
412,12,U,LE3,A,4,4,1,3,0,no,yes,no,no,yes,yes,yes,4,4,4,2,,
413,13,U,LE3,T,4,2,1,2,0,no,yes,no,yes,yes,yes,yes,4,2,3,0,,
414,16,R,LE3,T,1,1,2,2,2,no,yes,no,yes,yes,no,yes,5,3,4,21,,
415,15,R,GT3,T,1,1,2,3,0,no,no,no,no,yes,yes,yes,3,2,3,8,,
416,14,U,GT3,T,4,4,1,1,1,no,yes,no,no,yes,yes,yes,3,2,5,5,,
417,12,U,LE3,A,3,2,1,2,0,no,yes,no,no,yes,yes,yes,4,4,5,10,,
418,13,U,GT3,T,3,2,1,3,0,no,yes,no,no,yes,yes,yes,4,3,2,5,,
419,13,R,GT3,T,2,3,1,1,0,no,no,no,no,yes,yes,yes,3,1,4,13,,
420,14,U,GT3,T,2,1,1,1,0,no,no,no,no,yes,yes,yes,5,3,4,10,,
421,13,U,LE3,A,2,2,2,2,0,no,yes,no,no,yes,yes,yes,4,1,4,10,,
422,15,U,GT3,T,1,0,2,1,1,yes,no,no,no,yes,yes,yes,5,3,5,5,,
423,13,U,GT3,T,3,2,1,2,0,no,yes,no,yes,no,yes,yes,3,1,1,4,,
424,11,U,GT3,T,1,3,2,1,0,no,yes,no,no,yes,no,yes,4,3,5,11,,
425,11,R,GT3,T,2,2,2,2,0,no,yes,no,yes,yes,yes,yes,4,4,5,0,,
426,10,R,GT3,T,1,1,1,1,1,no,yes,no,no,yes,yes,no,4,1,2,6,,
427,10,R,GT3,T,3,3,2,1,0,no,yes,no,no,yes,yes,yes,5,4,5,4,,
428,11,R,GT3,T,2,3,2,2,0,no,no,no,no,yes,yes,no,4,5,5,0,,
429,10,R,LE3,T,2,1,2,1,0,no,no,no,no,yes,no,no,1,3,1,0,,
430,11,R,LE3,A,4,4,1,2,0,no,yes,no,no,yes,yes,no,5,3,2,5,,
431,11,U,GT3,A,1,2,1,3,0,yes,no,no,no,yes,yes,yes,4,4,5,0,,
432,12,R,GT3,T,3,2,1,2,1,no,no,no,no,yes,yes,no,4,5,5,0,,
433,12,R,GT3,T,1,1,1,1,1,no,yes,no,no,no,no,yes,5,4,5,0,,
434,10,R,GT3,T,4,4,2,1,0,no,no,no,no,yes,yes,yes,1,5,5,0,,
435,11,U,LE3,A,2,2,2,4,0,no,no,no,yes,no,no,no,1,2,1,4,,
436,10,R,LE3,T,1,1,2,2,0,no,yes,no,no,yes,yes,yes,5,4,4,0,,
437,10,R,LE3,T,1,1,2,1,1,no,yes,no,no,yes,yes,yes,4,4,2,4,,
438,11,R,GT3,T,0,2,2,1,0,no,yes,no,yes,yes,yes,no,3,2,2,0,,
439,12,R,GT3,T,2,3,2,1,0,no,yes,no,no,yes,yes,yes,5,5,3,2,,
440,10,R,GT3,T,3,3,2,1,0,no,no,no,no,no,yes,yes,4,1,4,0,,
441,11,U,GT3,T,1,1,2,2,0,no,yes,no,yes,yes,yes,no,5,4,3,0,,
442,12,U,GT3,T,1,1,1,2,0,no,no,yes,no,no,yes,yes,4,4,5,4,,
443,10,R,LE3,T,4,1,1,2,0,no,yes,no,yes,yes,yes,yes,5,3,2,0,,
444,10,R,LE3,T,4,1,1,2,0,no,yes,no,yes,yes,yes,yes,5,3,2,7,,
445,11,R,GT3,T,3,4,3,2,0,no,no,no,no,no,yes,no,3,4,5,4,,
446,10,R,GT3,T,1,1,4,2,0,no,yes,no,yes,yes,yes,no,5,4,4,8,,
447,10,U,LE3,T,3,3,1,2,0,no,yes,no,yes,yes,yes,yes,5,3,5,0,,
448,12,R,GT3,T,2,1,3,1,0,no,no,no,yes,yes,no,no,5,5,3,8,,
449,11,R,GT3,T,4,4,2,3,0,no,no,no,yes,yes,yes,yes,4,2,4,6,,
450,10,R,GT3,T,1,2,2,1,0,no,no,no,no,yes,yes,no,5,1,1,3,,
451,11,R,GT3,T,2,3,3,2,0,no,yes,no,no,yes,yes,yes,4,5,1,2,,
452,11,R,GT3,T,1,2,2,2,0,no,no,no,no,yes,yes,no,4,3,5,0,,
453,11,R,GT3,T,2,2,3,2,0,no,yes,no,no,yes,yes,yes,4,4,4,4,,
454,11,U,GT3,T,1,2,1,3,1,no,yes,no,no,yes,yes,no,1,3,4,0,,
455,11,U,GT3,T,1,2,1,3,1,no,yes,no,no,yes,yes,no,1,3,4,3,,
456,10,U,GT3,T,2,1,1,2,0,yes,yes,no,no,no,yes,yes,4,4,2,0,,
457,11,U,GT3,T,1,1,1,2,0,no,yes,no,no,no,yes,no,5,4,2,0,,
458,12,R,LE3,T,1,2,1,1,0,no,yes,no,yes,yes,yes,yes,5,5,3,4,,
459,11,R,GT3,T,1,1,4,4,0,no,yes,no,no,no,yes,yes,4,3,1,0,,
460,11,R,GT3,T,1,1,4,3,0,yes,yes,no,no,yes,yes,no,4,4,5,2,,
461,10,R,GT3,T,1,1,2,2,0,no,yes,no,yes,yes,yes,yes,4,3,2,1,,
462,11,R,GT3,T,1,1,2,1,0,no,no,no,yes,yes,yes,yes,4,2,2,0,,
463,10,R,GT3,T,1,1,3,2,0,no,yes,no,no,yes,yes,no,4,2,2,0,,
464,10,R,LE3,T,2,2,1,3,0,yes,yes,no,no,yes,yes,no,4,4,5,2,,
465,11,R,GT3,T,1,1,2,1,0,no,no,no,yes,yes,yes,no,3,4,5,6,,
466,13,U,GT3,T,1,2,1,2,1,no,yes,no,yes,yes,yes,yes,3,4,5,9,,
467,10,U,GT3,T,3,1,2,1,0,no,yes,no,no,yes,yes,no,3,2,4,0,,
468,11,R,GT3,T,2,2,3,2,0,no,yes,no,yes,yes,yes,yes,5,3,2,1,,
469,10,U,GT3,T,2,2,3,1,0,no,no,no,no,yes,yes,no,4,3,4,1,,
470,11,U,GT3,T,4,4,1,2,0,no,yes,no,yes,yes,yes,no,4,3,3,0,,
471,10,R,GT3,T,3,3,1,2,0,no,yes,no,no,yes,yes,yes,4,5,1,4,,
472,11,R,GT3,T,2,2,2,2,1,no,yes,no,yes,no,yes,no,4,4,5,2,,
473,11,R,LE3,T,2,2,3,1,0,no,yes,no,yes,yes,yes,no,4,3,4,0,,
474,11,U,LE3,T,2,1,2,1,0,no,yes,no,yes,yes,yes,yes,2,4,4,4,,
475,10,R,LE3,T,1,3,3,1,0,no,yes,no,yes,yes,yes,yes,4,2,3,2,,
476,10,U,GT3,T,2,2,2,3,0,no,yes,no,yes,yes,yes,no,5,3,4,0,,
477,11,R,LE3,T,2,1,1,1,0,no,yes,no,no,yes,yes,yes,5,4,5,2,,
478,10,U,GT3,T,3,3,2,1,0,no,yes,no,yes,no,yes,yes,4,3,3,11,,
479,11,R,GT3,T,1,1,2,2,3,yes,yes,no,no,yes,yes,no,3,4,1,0,,
480,12,U,GT3,T,2,2,1,1,0,no,yes,no,yes,yes,no,no,4,5,5,4,,
481,14,U,GT3,T,2,3,1,1,1,no,no,no,no,yes,no,yes,4,4,2,0,,
482,12,R,GT3,T,2,1,3,1,0,no,yes,no,yes,yes,no,no,5,5,3,2,,
483,10,R,LE3,T,1,1,2,1,0,no,yes,no,no,yes,no,no,5,2,4,0,,
484,11,R,GT3,T,2,2,3,2,0,no,yes,no,no,yes,no,yes,3,4,1,1,,
485,11,U,LE3,A,2,2,1,1,0,no,yes,no,no,yes,no,no,4,3,1,6,,
486,12,R,GT3,T,2,2,2,2,0,no,yes,no,no,yes,yes,yes,4,3,4,0,,
487,11,U,GT3,T,2,2,1,1,1,no,yes,yes,yes,no,yes,yes,4,4,3,1,,
488,13,R,LE3,A,3,2,2,3,2,no,yes,no,no,no,no,no,3,3,2,6,,
489,14,U,GT3,T,1,1,1,3,1,no,no,no,yes,yes,no,no,5,3,3,6,,
490,13,R,GT3,T,1,1,2,1,1,no,no,no,yes,yes,no,yes,4,4,4,0,,
491,13,R,GT3,T,1,1,2,1,1,no,no,no,no,no,no,yes,3,2,2,4,,
492,14,U,GT3,T,1,1,2,2,1,no,yes,no,no,yes,yes,yes,1,1,1,12,,
493,11,R,GT3,A,2,2,1,2,0,no,no,no,no,no,yes,no,3,3,3,2,,
494,12,U,GT3,T,0,1,2,1,0,no,no,no,yes,no,yes,no,2,4,5,5,,
495,11,R,LE3,T,1,2,1,2,0,no,no,no,yes,yes,no,yes,4,4,3,0,,
496,11,U,GT3,T,3,3,1,1,0,no,no,no,yes,yes,no,yes,4,5,4,0,,
497,11,R,LE3,T,1,1,1,1,0,no,yes,no,yes,yes,yes,yes,4,4,4,2,,
498,12,U,GT3,T,3,3,2,4,1,no,yes,yes,yes,yes,yes,no,5,4,5,0,,
499,11,U,GT3,T,2,1,1,2,0,no,yes,no,yes,yes,yes,yes,5,3,1,0,,
500,11,U,GT3,T,2,2,1,1,0,no,yes,yes,yes,yes,yes,no,4,2,5,0,,
501,12,U,GT3,T,1,2,1,1,1,no,yes,no,yes,yes,no,yes,5,3,1,12,,
502,11,U,LE3,T,4,3,1,1,0,no,no,no,yes,yes,yes,yes,4,2,5,8,,
503,12,R,LE3,T,2,2,3,4,1,no,yes,no,no,yes,yes,no,1,3,3,2,,
504,11,U,GT3,T,1,1,1,4,0,yes,yes,no,yes,yes,yes,yes,2,2,5,0,,
505,14,U,LE3,T,2,2,1,3,0,no,no,no,no,yes,yes,yes,5,4,1,0,,
506,12,R,GT3,T,1,1,2,1,0,no,yes,no,yes,no,yes,yes,4,4,5,0,,
507,15,U,GT3,T,3,3,2,2,1,no,no,no,yes,yes,yes,yes,3,3,3,8,,
508,12,U,LE3,T,1,1,1,3,0,no,yes,no,no,yes,yes,no,4,3,3,0,,
509,12,R,GT3,T,2,2,3,1,1,no,yes,no,no,no,yes,yes,4,4,5,0,,
510,11,R,LE3,T,1,1,3,2,0,no,yes,no,no,yes,yes,no,5,3,1,0,,
511,12,R,GT3,T,2,2,2,2,0,no,yes,no,yes,yes,yes,no,5,3,1,0,,
512,12,U,GT3,A,1,0,2,2,0,no,no,no,no,yes,yes,yes,4,4,4,1,,
513,13,R,GT3,T,1,1,1,2,1,no,yes,no,no,yes,yes,yes,4,3,5,9,,
514,11,U,GT3,T,3,1,1,1,0,no,no,no,yes,yes,yes,yes,3,1,1,0,,
515,11,U,GT3,T,3,2,1,1,0,no,no,no,no,yes,yes,yes,3,1,3,2,,
516,13,U,LE3,T,1,1,2,2,0,yes,no,no,no,yes,yes,no,2,3,3,8,,
517,11,R,GT3,T,4,4,1,2,0,no,no,no,yes,no,yes,yes,4,3,2,0,,
518,11,R,LE3,T,1,2,2,1,0,no,no,no,yes,yes,yes,yes,5,4,2,0,,
519,13,U,GT3,A,2,4,1,2,1,no,yes,no,no,yes,yes,yes,2,3,1,8,,
520,11,R,GT3,T,2,1,2,2,0,no,no,no,yes,yes,yes,yes,5,2,2,0,,
521,11,U,LE3,T,1,1,3,2,0,no,yes,no,no,yes,yes,yes,4,3,5,6,,
522,11,R,GT3,T,2,3,2,2,0,no,yes,no,yes,yes,yes,yes,3,3,2,0,,
523,11,U,GT3,T,4,4,1,2,0,no,yes,no,no,yes,yes,yes,4,3,3,4,,
524,13,U,LE3,T,4,4,1,4,0,no,yes,no,yes,yes,no,yes,5,5,5,2,,
525,11,R,LE3,T,3,4,3,2,0,no,yes,no,no,no,yes,no,4,2,2,2,,
526,12,U,LE3,T,4,4,1,3,0,no,yes,no,no,yes,yes,yes,4,4,5,0,,
527,12,R,GT3,T,4,1,1,1,0,no,no,no,no,yes,yes,yes,4,2,5,1,,
528,11,U,LE3,T,2,2,4,3,0,no,no,no,no,yes,yes,no,5,1,3,0,,
529,12,R,GT3,T,2,2,1,1,0,no,yes,yes,no,yes,yes,yes,5,1,5,5,,
530,11,U,LE3,T,4,4,2,1,0,no,yes,no,no,yes,yes,no,5,1,5,1,,
531,12,U,GT3,T,3,3,1,1,0,no,yes,no,yes,yes,yes,yes,4,1,3,8,,
532,12,U,GT3,T,1,1,3,2,0,no,no,no,no,yes,yes,yes,5,1,1,0,,
533,11,U,GT3,T,2,1,2,2,0,no,no,no,no,no,yes,yes,4,2,5,2,,
534,11,U,LE3,T,2,1,1,2,0,no,no,no,no,yes,yes,yes,3,2,3,0,,
535,11,U,LE3,T,4,4,1,1,0,no,yes,no,no,yes,yes,yes,4,1,5,0,,
536,10,R,GT3,T,1,2,3,2,0,no,yes,no,yes,yes,yes,no,5,5,5,11,,
537,10,U,LE3,A,2,2,3,4,0,no,yes,no,yes,yes,yes,no,5,4,5,8,,
538,10,U,LE3,A,2,1,1,1,0,no,no,no,yes,yes,yes,yes,4,3,5,11,,
539,11,R,LE3,T,2,2,1,3,0,no,yes,no,no,no,yes,no,4,3,5,2,,
540,11,U,LE3,T,4,1,2,2,0,no,yes,no,yes,yes,yes,yes,1,2,1,8,,
541,12,U,GT3,T,3,2,2,1,0,no,no,no,no,yes,yes,no,4,3,1,5,,
542,12,R,GT3,T,2,2,2,2,0,yes,no,yes,no,yes,yes,no,5,1,5,0,,
543,11,U,GT3,T,4,4,2,3,0,no,yes,no,no,yes,yes,yes,5,3,5,1,,
544,12,R,GT3,T,4,4,3,1,3,no,no,no,yes,yes,yes,yes,3,3,5,2,,
545,12,R,LE3,T,1,3,2,1,0,no,no,no,yes,yes,yes,no,5,1,5,2,,
546,12,U,GT3,T,3,4,1,2,1,no,yes,no,yes,no,yes,yes,5,4,5,8,,
547,12,U,GT3,T,4,4,1,2,0,no,yes,no,no,yes,yes,yes,5,2,5,0,,
548,11,R,LE3,T,4,1,1,1,0,no,no,no,no,yes,yes,yes,4,1,2,0,,
549,12,U,GT3,A,1,1,1,2,0,no,no,no,yes,yes,yes,yes,4,5,3,2,,
550,12,R,GT3,T,4,2,2,2,0,yes,yes,no,no,no,yes,yes,4,3,5,0,,
551,11,U,LE3,A,2,2,2,2,0,no,yes,no,no,no,yes,yes,4,1,5,0,,
552,12,U,GT3,T,3,2,2,2,0,no,yes,yes,no,yes,yes,yes,4,1,1,0,,
553,14,U,GT3,T,1,1,1,2,2,no,yes,no,yes,yes,no,yes,4,4,4,2,,
554,12,U,LE3,A,1,0,1,1,0,no,no,no,no,yes,yes,no,4,1,5,4,,
555,12,R,GT3,T,1,1,2,1,0,no,yes,no,yes,yes,no,yes,3,5,4,3,,
556,11,R,GT3,T,1,2,1,3,0,yes,yes,no,no,no,yes,yes,4,3,3,5,,
557,11,R,LE3,T,1,2,1,1,0,no,no,no,no,yes,yes,no,4,4,5,4,,
558,12,R,GT3,T,3,1,2,2,3,no,yes,no,yes,no,yes,yes,5,4,5,2,,
559,12,R,GT3,T,2,2,2,1,0,no,no,no,yes,yes,no,no,5,5,5,0,,
560,13,R,GT3,T,1,0,3,1,1,yes,yes,no,no,yes,yes,no,4,3,4,0,,
561,12,R,GT3,T,1,1,2,1,0,no,yes,no,yes,no,yes,yes,4,5,2,0,,
562,13,U,LE3,T,1,1,2,2,0,no,yes,no,yes,yes,yes,no,4,3,5,6,,
563,11,R,LE3,T,2,2,1,2,0,no,no,no,yes,yes,yes,no,5,4,1,0,,
564,12,U,GT3,T,2,2,1,1,1,no,no,no,yes,yes,yes,no,1,2,5,0,,
565,11,R,GT3,T,3,2,2,1,0,no,no,no,no,yes,yes,yes,4,5,5,2,,
566,11,R,LE3,T,1,1,2,1,0,no,no,no,yes,yes,yes,yes,4,5,5,0,,
567,13,R,GT3,T,1,1,2,1,1,no,yes,no,no,yes,no,yes,5,3,5,2,,
568,13,R,GT3,T,3,2,1,1,1,no,no,no,no,yes,no,yes,2,3,5,0,,
569,14,U,GT3,T,3,2,2,1,3,no,no,no,yes,yes,yes,no,3,2,3,4,,
570,13,U,GT3,T,3,3,1,2,2,no,yes,no,yes,yes,no,yes,4,4,3,9,,
571,11,R,GT3,T,2,2,2,1,0,no,yes,no,yes,yes,yes,yes,5,4,4,6,,
572,14,U,GT3,T,2,1,2,1,3,no,no,no,yes,no,no,yes,4,4,5,4,,
573,11,U,GT3,A,3,2,2,2,2,no,yes,no,yes,yes,yes,no,2,5,1,8,,
574,12,U,GT3,T,1,1,1,1,0,no,yes,no,yes,yes,yes,no,4,3,5,9,,
575,15,R,GT3,T,1,1,2,1,1,no,yes,no,no,yes,no,yes,4,4,4,12,,
576,13,R,GT3,A,4,3,1,1,0,no,yes,no,no,yes,yes,yes,5,4,2,8,,
577,13,R,GT3,T,3,2,2,1,0,no,yes,no,no,no,yes,yes,2,5,5,8,,
578,14,R,GT3,T,1,1,3,2,1,no,no,no,no,yes,yes,yes,5,4,2,8,,
579,12,U,GT3,T,3,3,2,2,1,no,yes,no,no,yes,yes,yes,4,5,3,4,,
580,13,U,LE3,T,1,3,1,1,0,no,no,no,no,yes,no,yes,4,3,3,0,,
581,14,R,GT3,T,1,1,3,1,1,no,yes,no,no,yes,yes,yes,4,4,5,4,,
582,13,U,GT3,A,1,2,2,2,2,no,yes,no,no,yes,yes,no,4,3,5,2,,
583,14,U,LE3,A,1,1,1,1,0,no,yes,no,no,yes,no,no,1,4,5,0,,
584,13,R,GT3,T,2,2,2,1,1,no,no,no,no,yes,no,yes,5,5,3,0,,
585,12,R,GT3,T,0,0,2,1,0,no,yes,no,no,yes,yes,yes,4,4,5,0,,
586,12,R,LE3,A,3,1,2,3,0,no,yes,yes,no,yes,no,no,4,2,3,5,,
587,12,U,GT3,T,4,2,1,2,0,yes,yes,no,yes,yes,yes,yes,5,5,5,0,,
588,13,R,LE3,T,2,2,1,2,1,no,yes,no,yes,yes,yes,yes,2,3,4,3,,
589,12,U,GT3,T,4,1,1,1,0,no,yes,no,no,yes,yes,no,3,2,5,0,,
590,12,U,LE3,T,1,2,1,1,0,no,no,no,no,yes,yes,yes,5,5,3,0,,
591,13,U,GT3,T,1,1,3,2,2,no,no,no,yes,yes,yes,no,3,4,5,3,,
592,13,U,GT3,T,2,2,2,2,0,no,no,no,yes,no,yes,yes,4,3,1,2,,
593,12,U,GT3,T,3,3,2,1,0,no,yes,no,no,yes,yes,yes,4,4,4,0,,
594,13,U,LE3,A,1,2,2,2,0,no,no,no,no,yes,yes,yes,4,4,4,0,,
595,13,U,GT3,T,4,4,2,2,0,no,no,no,yes,no,yes,yes,4,3,1,0,,
596,13,U,LE3,T,4,4,1,1,0,no,yes,no,yes,yes,yes,yes,5,4,5,3,,
597,12,U,GT3,T,4,2,2,2,0,no,yes,no,no,yes,yes,yes,4,3,4,0,,
598,13,R,GT3,T,2,2,3,2,1,no,no,no,yes,yes,yes,no,4,3,4,0,,
599,13,U,LE3,T,1,2,2,1,0,no,yes,no,no,no,yes,no,4,1,1,8,,
600,13,R,GT3,T,4,4,3,1,0,no,yes,yes,yes,yes,yes,yes,2,5,1,5,,
601,12,R,GT3,T,1,1,3,1,0,no,no,no,no,no,no,no,4,2,4,4,,
602,13,U,GT3,T,2,2,2,2,0,no,yes,no,no,no,yes,yes,1,3,2,4,,
603,13,U,LE3,T,2,2,2,3,0,no,no,no,no,yes,yes,yes,5,4,3,0,,
604,13,R,LE3,A,4,2,1,2,0,no,no,no,yes,yes,yes,yes,5,3,5,0,,
605,13,U,GT3,T,1,1,3,2,1,no,no,no,no,yes,no,no,4,4,2,2,,
606,14,U,GT3,T,1,1,2,1,1,no,no,no,no,yes,no,no,5,5,2,0,,
607,12,U,GT3,T,4,2,2,4,0,no,no,no,no,yes,yes,yes,4,2,5,0,,
608,12,R,LE3,A,2,1,2,2,0,no,no,no,yes,yes,yes,yes,5,3,2,5,,
609,13,U,LE3,A,1,1,1,2,0,no,no,no,no,yes,yes,no,5,2,3,2,,
610,13,U,GT3,T,1,2,2,2,0,no,yes,no,no,yes,no,no,4,1,4,0,,
611,14,R,GT3,A,1,1,2,2,3,no,yes,no,yes,yes,no,no,3,5,1,0,,
612,13,R,GT3,T,2,2,2,3,0,no,no,no,no,yes,yes,yes,4,2,4,5,,
613,12,R,GT3,T,4,3,2,2,1,no,yes,yes,yes,no,yes,yes,4,5,2,4,,
614,13,U,GT3,T,3,3,1,2,0,no,yes,no,no,yes,yes,no,5,3,5,0,,
615,12,R,GT3,T,4,4,2,2,0,no,yes,yes,yes,yes,yes,yes,4,3,5,2,,
616,12,U,LE3,A,3,2,2,2,0,no,no,no,no,yes,yes,no,1,2,5,0,,
617,13,U,LE3,T,1,1,2,1,0,no,no,no,no,no,yes,yes,3,3,3,2,,
618,13,U,LE3,T,1,1,2,3,0,no,no,no,no,yes,yes,yes,5,3,4,0,,
619,13,R,LE3,A,1,2,3,2,0,no,no,no,no,yes,yes,no,4,3,5,0,,
620,13,U,GT3,T,3,3,2,2,0,no,yes,no,no,yes,yes,yes,4,3,3,6,,
621,12,U,LE3,T,4,4,1,2,0,no,yes,no,yes,yes,yes,yes,2,3,1,4,,
622,12,R,GT3,T,1,2,2,2,0,no,no,no,no,no,yes,no,3,2,3,0,,
623,13,R,GT3,T,1,3,2,2,0,no,yes,yes,no,yes,yes,no,3,3,3,0,,
624,13,U,LE3,T,4,4,2,3,0,no,no,no,no,yes,yes,yes,4,2,5,0,,
625,12,R,GT3,T,1,1,3,1,1,no,yes,no,no,yes,yes,yes,5,2,1,0,,
626,13,U,GT3,T,2,3,2,1,0,no,yes,no,no,yes,yes,yes,5,2,4,0,,
627,13,R,GT3,T,4,4,3,2,0,no,yes,no,no,no,yes,yes,3,2,5,0,,
628,13,R,LE3,T,1,2,3,1,0,no,yes,no,yes,yes,no,yes,4,3,3,3,,
629,12,U,GT3,T,2,2,1,3,0,no,no,no,yes,yes,yes,no,3,4,3,8,,
630,12,R,GT3,T,1,2,1,1,0,no,no,no,yes,yes,yes,yes,3,5,1,4,,
631,13,R,LE3,T,4,4,2,3,0,no,no,no,no,yes,yes,yes,5,4,1,0,,
632,13,R,GT3,T,1,1,4,3,0,no,no,no,no,yes,yes,yes,4,3,4,4,,
633,14,R,GT3,T,1,1,2,2,1,no,yes,no,no,yes,yes,yes,4,3,3,4,,
634,13,R,LE3,T,4,4,1,2,0,no,no,no,yes,yes,yes,yes,5,4,2,1,,
635,13,U,GT3,T,3,3,1,2,0,no,no,no,no,yes,yes,yes,4,1,1,1,,
636,12,R,GT3,T,3,1,1,2,0,no,yes,no,yes,no,yes,yes,4,5,1,10,,
637,13,U,GT3,T,4,4,1,2,0,no,no,no,yes,no,yes,yes,3,2,2,4,,
638,13,R,GT3,T,2,1,2,1,0,no,no,no,yes,no,yes,yes,4,4,5,0,,
639,12,U,GT3,T,2,3,2,2,0,no,no,no,yes,yes,yes,yes,4,4,3,4,,
640,14,R,GT3,T,1,1,2,1,1,no,no,no,no,yes,yes,no,4,3,5,0,,
641,13,R,GT3,T,4,2,2,1,1,no,no,yes,no,yes,yes,no,5,4,3,0,,
642,13,R,GT3,T,2,2,2,3,0,no,no,no,no,yes,yes,no,5,3,4,0,,
643,12,U,GT3,T,4,3,2,2,0,no,no,no,no,yes,yes,yes,5,5,1,0,,
644,13,R,GT3,T,4,4,3,1,0,no,yes,no,yes,yes,yes,yes,4,4,5,4,,
645,14,R,GT3,T,2,3,1,3,1,no,no,no,yes,no,yes,yes,5,4,5,4,,
646,13,U,LE3,T,3,1,1,2,0,no,yes,no,no,yes,yes,yes,4,3,1,4,,
647,13,U,GT3,T,1,1,2,2,0,no,no,no,yes,yes,yes,no,1,1,5,6,,
648,12,U,LE3,T,3,1,2,1,0,no,no,no,no,no,yes,yes,2,4,2,6,,
649,13,R,LE3,T,3,2,3,1,0,no,no,no,no,no,yes,yes,4,4,5,4,,
